Station Name,Month,Period,No. of Years,Mean Temperature in degree C - Maximum,Mean Temperature  in degree C - Minimum,Mean Rainfall in mm,Soil Type
Abu,January,1901-2000,100,19.3,8,5.3,6
Abu,February,1901-2000,100,21,10,4.4,6
Abu,March,1901-2000,100,25.3,14.5,6.5,6
Abu,April,1901-2000,100,29.4,18.7,2.6,6
Abu,May,1901-2000,100,31.5,21,16.4,6
Abu,June,1901-2000,100,29.1,19.8,101.6,6
Abu,July,1901-2000,100,24.5,18.7,573.2,6
Abu,August,1901-2000,100,22.7,17.8,600.3,6
Abu,September,1901-2000,100,24.5,17.6,214.2,6
Abu,October,1901-2000,100,26.7,16.2,19.4,6
Abu,November,1901-2000,100,23.8,12.1,7.9,6
Abu,December,1901-2000,100,20.9,9,2.4,6
Agartala,January,1953-2000,43,25.6,10,27.5,10
Agartala,February,1953-2000,43,28.3,13.2,21.5,10
Agartala,March,1953-2000,43,32.5,18.7,60.7,10
Agartala,April,1953-2000,43,33.7,22.2,199.7,10
Agartala,May,1953-2000,43,32.8,23.5,329.9,10
Agartala,June,1953-2000,43,31.8,24.6,393.4,10
Agartala,July,1953-2000,43,31.4,24.8,363.1,10
Agartala,August,1953-2000,43,31.7,24.7,298.7,10
Agartala,September,1953-2000,43,31.7,24.3,232.4,10
Agartala,October,1953-2000,43,31.1,22,162.5,10
Agartala,November,1953-2000,43,29.2,16.6,46,10
Agartala,December,1953-2000,43,26.4,11.3,10.6,10
Agra,January,1901-2000,100,22.3,7.7,13.2,10
Agra,February,1901-2000,100,25.5,10.3,17.6,10
Agra,March,1901-2000,100,31.9,15.5,9.3,10
Agra,April,1901-2000,100,37.9,21.5,6.3,10
Agra,May,1901-2000,100,41.7,26.5,11.3,10
Agra,June,1901-2000,100,40.7,28.9,55.7,10
Agra,July,1901-2000,100,35.3,26.8,203.3,10
Agra,August,1901-2000,100,33.2,25.7,243.2,10
Agra,September,1901-2000,100,34,24.3,129.7,10
Agra,October,1901-2000,100,34,19.1,24.8,10
Agra,November,1901-2000,100,29.2,12.5,4.3,10
Agra,December,1901-2000,100,23.9,8.2,6.1,10
Ahmedabad,January,1901-2000,100,28.7,13.1,2.1,6
Ahmedabad,February,1901-2000,100,31,14.8,1.2,6
Ahmedabad,March,1901-2000,100,35.9,19.4,1.1,6
Ahmedabad,April,1901-2000,100,39.5,23.5,1.9,6
Ahmedabad,May,1901-2000,100,41.4,26.3,9.1,6
Ahmedabad,June,1901-2000,100,38.5,27.2,97.4,6
Ahmedabad,July,1901-2000,100,33.5,25.7,309.8,6
Ahmedabad,August,1901-2000,100,32,24.9,213.8,6
Ahmedabad,September,1901-2000,100,33.5,24.4,126.6,6
Ahmedabad,October,1901-2000,100,35.8,21.9,13.5,6
Ahmedabad,November,1901-2000,100,33.2,17.5,6.1,6
Ahmedabad,December,1901-2000,100,29.9,14.1,1.7,6
Aizwal,January,1937-1992,34,20.4,11.4,13.4,8
Aizwal,February,1937-1992,34,21.7,12.8,23.4,8
Aizwal,March,1937-1992,34,25.2,15.6,73.4,8
Aizwal,April,1937-1992,34,26.8,17.5,167.7,8
Aizwal,May,1937-1992,34,26.3,18.1,289,8
Aizwal,June,1937-1992,34,25.5,18.9,406.1,8
Aizwal,July,1937-1992,34,25.3,19.1,320.4,8
Aizwal,August,1937-1992,34,25.5,19.1,320.6,8
Aizwal,September,1937-1992,34,25.7,19.2,305.2,8
Aizwal,October,1937-1992,34,24.7,18,183.7,8
Aizwal,November,1937-1992,34,23,15.1,43.2,8
Aizwal,December,1937-1992,34,21,12.2,15.3,8
Ajmer,January,1901-2000,100,22.9,7.6,7.3,2
Ajmer,February,1901-2000,100,25.7,10.3,6,2
Ajmer,March,1901-2000,100,31.3,16,5,2
Ajmer,April,1901-2000,100,36.5,22.2,4,2
Ajmer,May,1901-2000,100,39.7,26.8,15.7,2
Ajmer,June,1901-2000,100,38.4,27.5,58.1,2
Ajmer,July,1901-2000,100,33.6,25.6,181.5,2
Ajmer,August,1901-2000,100,31.3,24.4,157.5,2
Ajmer,September,1901-2000,100,32.6,23.7,73,2
Ajmer,October,1901-2000,100,33.5,18.8,13.1,2
Ajmer,November,1901-2000,100,29.2,12.3,4,2
Ajmer,December,1901-2000,100,24.7,8.4,3.8,2
Akola,January,1961-2000,40,29.9,13.1,10.4,7
Akola,February,1961-2000,40,32.8,15.4,8.1,7
Akola,March,1961-2000,40,37.3,19.7,10,7
Akola,April,1961-2000,40,40.9,24.2,4.1,7
Akola,May,1961-2000,40,42.5,27.3,9.8,7
Akola,June,1961-2000,40,37.6,25.5,144.9,7
Akola,July,1961-2000,40,32.4,23.5,217.2,7
Akola,August,1961-2000,40,30.6,23,196.6,7
Akola,September,1961-2000,40,32.5,22.5,122.7,7
Akola,October,1961-2000,40,34.1,19.7,47.7,7
Akola,November,1961-2000,40,31.7,15.6,18.7,7
Akola,December,1961-2000,40,29.5,12.4,12.1,7
Allahabad,January,1901-2000,100,23.5,8.9,17.9,10
Allahabad,February,1901-2000,100,26.7,11.4,17.3,10
Allahabad,March,1901-2000,100,33.4,16.6,9.6,10
Allahabad,April,1901-2000,100,39.1,22.3,5.5,10
Allahabad,May,1901-2000,100,41.8,26.7,8.8,10
Allahabad,June,1901-2000,100,39.8,28.5,88.8,10
Allahabad,July,1901-2000,100,34,26.6,280.9,10
Allahabad,August,1901-2000,100,32.5,25.9,296.1,10
Allahabad,September,1901-2000,100,33,25,185,10
Allahabad,October,1901-2000,100,33,20.2,36.6,10
Allahabad,November,1901-2000,100,29.2,13.5,9.3,10
Allahabad,December,1901-2000,100,24.6,9.4,7,10
Ambikapur,January,1951-2000,49,23.5,8.7,22.6,2
Ambikapur,February,1951-2000,49,26.8,11.3,22.5,2
Ambikapur,March,1951-2000,49,32,15.6,18.4,2
Ambikapur,April,1951-2000,49,36.8,20.8,13,2
Ambikapur,May,1951-2000,49,39.4,24.7,19.4,2
Ambikapur,June,1951-2000,49,35.5,24.8,211.2,2
Ambikapur,July,1951-2000,49,29.7,23.2,428.3,2
Ambikapur,August,1951-2000,49,29.3,22.9,389.8,2
Ambikapur,September,1951-2000,49,29.8,22.1,227.2,2
Ambikapur,October,1951-2000,49,29.5,18.1,56.8,2
Ambikapur,November,1951-2000,49,26.5,12.2,9.7,2
Ambikapur,December,1951-2000,49,23.8,8.5,6.5,2
Amini Divi,January,1901-2000,97,31.2,23.6,15.9,10
Amini Divi,February,1901-2000,97,31.7,24.5,2.9,10
Amini Divi,March,1901-2000,97,32.5,25.3,3.8,10
Amini Divi,April,1901-2000,97,33.3,26.7,22.6,10
Amini Divi,May,1901-2000,97,33,27.1,131.1,10
Amini Divi,June,1901-2000,97,30.4,25.7,371.1,10
Amini Divi,July,1901-2000,97,29.6,25.3,314.5,10
Amini Divi,August,1901-2000,97,29.6,25.3,214,10
Amini Divi,September,1901-2000,97,30,25.3,149.9,10
Amini Divi,October,1901-2000,97,30.5,25.1,139.2,10
Amini Divi,November,1901-2000,97,31,24.5,88.6,10
Amini Divi,December,1901-2000,97,31.1,23.7,38.5,10
Amritsar,January,1948-2000,53,19.2,3.9,28.3,10
Amritsar,February,1948-2000,53,21.9,6.3,29.2,10
Amritsar,March,1948-2000,53,26.9,11,34.8,10
Amritsar,April,1948-2000,53,33.9,16.2,19.3,10
Amritsar,May,1948-2000,53,38.8,21.2,19.6,10
Amritsar,June,1948-2000,53,39.8,24.9,51.7,10
Amritsar,July,1948-2000,53,35.3,25.6,224.7,10
Amritsar,August,1948-2000,53,34.3,25.2,174.5,10
Amritsar,September,1948-2000,53,34.4,22.7,94.6,10
Amritsar,October,1948-2000,53,32.3,15.7,21.3,10
Amritsar,November,1948-2000,53,27,8.6,5.7,10
Amritsar,December,1948-2000,53,21.3,4.3,14.6,10
Anantpur,January,1946-2000,55,30.4,17.4,0.9,10
Anantpur,February,1946-2000,55,33.7,19.3,1.3,10
Anantpur,March,1946-2000,55,37.1,22.4,4.7,10
Anantpur,April,1946-2000,55,38.9,25.8,16.9,10
Anantpur,May,1946-2000,55,38.8,26.2,55,10
Anantpur,June,1946-2000,55,35.4,25,55.8,10
Anantpur,July,1946-2000,55,33.3,24.2,62.7,10
Anantpur,August,1946-2000,55,32.8,23.8,75.3,10
Anantpur,September,1946-2000,55,32.8,23.4,133.2,10
Anantpur,October,1946-2000,55,31.8,22.5,104.7,10
Anantpur,November,1946-2000,55,30.1,20.1,37.8,10
Anantpur,December,1946-2000,55,29.1,17.7,11.2,10
Androth,January,1965-1979,11,30.3,24.4,10.5,
Androth,February,1965-1979,11,30.9,24.8,2.4,
Androth,March,1965-1979,11,32.2,25.5,6,
Androth,April,1965-1979,11,33.1,26.3,25.9,
Androth,May,1965-1979,11,32.8,26.4,130.4,
Androth,June,1965-1979,11,30.5,24.9,401.7,
Androth,July,1965-1979,11,29.9,24.3,486.1,
Androth,August,1965-1979,11,30.1,24.9,238.6,
Androth,September,1965-1979,11,30,24.7,182.2,
Androth,October,1965-1979,11,30.5,24.7,166.5,
Androth,November,1965-1979,11,30.4,24.1,129.8,
Androth,December,1965-1979,11,30.7,24,90.2,
Aurangabad,January,1952-2000,49,29,11,11.3,7
Aurangabad,February,1952-2000,49,31.7,13,2.7,7
Aurangabad,March,1952-2000,49,35.6,17.6,5.6,7
Aurangabad,April,1952-2000,49,38.5,21.9,3.9,7
Aurangabad,May,1952-2000,49,39.5,23.9,26.2,7
Aurangabad,June,1952-2000,49,34.7,22.9,132.2,7
Aurangabad,July,1952-2000,49,30.3,21.7,157.9,7
Aurangabad,August,1952-2000,49,29.2,21.1,152.7,7
Aurangabad,September,1952-2000,49,30.3,20.6,146,7
Aurangabad,October,1952-2000,49,31.8,18,62.1,7
Aurangabad,November,1952-2000,49,30,13.7,26.8,7
Aurangabad,December,1952-2000,49,28.4,10.7,12,7
Balasore,January,1901-2000,97,27,13.9,17,10
Balasore,February,1901-2000,97,29.5,16.7,36.3,10
Balasore,March,1901-2000,97,33.7,21,39.4,10
Balasore,April,1901-2000,97,36,24.4,54.8,10
Balasore,May,1901-2000,97,36.1,26,108.6,10
Balasore,June,1901-2000,97,34.2,26.2,233.4,10
Balasore,July,1901-2000,97,31.8,25.8,297.9,10
Balasore,August,1901-2000,97,31.4,25.8,318.3,10
Balasore,September,1901-2000,97,31.7,25.5,275.8,10
Balasore,October,1901-2000,97,31.3,23,184,10
Balasore,November,1901-2000,97,29.2,17.8,41.6,10
Balasore,December,1901-2000,97,26.9,13.7,6.5,10
Bangalore,January,1901-2000,100,27.4,15,4.9,1
Bangalore,February,1901-2000,100,30.1,16.6,7.9,1
Bangalore,March,1901-2000,100,32.8,19,10,1
Bangalore,April,1901-2000,100,33.9,21.3,43.9,1
Bangalore,May,1901-2000,100,33.1,21.1,111.9,1
Bangalore,June,1901-2000,100,29.4,19.8,79.7,1
Bangalore,July,1901-2000,100,27.7,19.3,109.7,1
Bangalore,August,1901-2000,100,27.6,19.2,138.8,1
Bangalore,September,1901-2000,100,28.1,19.1,185.9,1
Bangalore,October,1901-2000,100,27.9,18.9,161.7,1
Bangalore,November,1901-2000,100,26.8,17.2,59.2,1
Bangalore,December,1901-2000,100,26.2,15.4,17.4,1
Bareilly,January,1901-2000,97,21.6,8.3,22.9,10
Bareilly,February,1901-2000,97,24,10.4,25.3,10
Bareilly,March,1901-2000,97,30.6,15.2,14.5,10
Bareilly,April,1901-2000,97,36.8,20.9,8.9,10
Bareilly,May,1901-2000,97,39.9,25.1,19.3,10
Bareilly,June,1901-2000,97,38.6,27,106.4,10
Bareilly,July,1901-2000,97,33.9,26.1,307,10
Bareilly,August,1901-2000,97,32.6,25.8,290.9,10
Bareilly,September,1901-2000,97,33,24.4,186.1,10
Bareilly,October,1901-2000,97,32.3,19.3,44.9,10
Bareilly,November,1901-2000,97,28,12.7,3.9,10
Bareilly,December,1901-2000,97,23.2,8.8,9.7,10
Baroda,January,1952-2000,48,29.5,12.5,2.2,7
Baroda,February,1952-2000,48,31.9,14.2,0.7,7
Baroda,March,1952-2000,48,36.2,18.4,0.7,7
Baroda,April,1952-2000,48,39.2,23,1.4,7
Baroda,May,1952-2000,48,40.1,26.6,6.1,7
Baroda,June,1952-2000,48,36.8,27,118.9,7
Baroda,July,1952-2000,48,32.5,25.8,274.6,7
Baroda,August,1952-2000,48,31.4,25,242.4,7
Baroda,September,1952-2000,48,33,24.5,124.2,7
Baroda,October,1952-2000,48,35.5,21.4,26.4,7
Baroda,November,1952-2000,48,33.4,16.9,13.3,7
Baroda,December,1952-2000,48,30.7,13.7,3.7,7
Belgaum Samra,January,1952-2000,49,29.2,14.6,1.1,7
Belgaum Samra,February,1952-2000,49,31.7,15.7,2.1,7
Belgaum Samra,March,1952-2000,49,34.6,18.5,10.6,7
Belgaum Samra,April,1952-2000,49,35.8,20.4,45.1,7
Belgaum Samra,May,1952-2000,49,34.3,21,89.8,7
Belgaum Samra,June,1952-2000,49,28.7,20.9,166.1,7
Belgaum Samra,July,1952-2000,49,25.8,20.4,268.9,7
Belgaum Samra,August,1952-2000,49,25.7,20.1,157.4,7
Belgaum Samra,September,1952-2000,49,27.6,19.5,109.3,7
Belgaum Samra,October,1952-2000,49,29.2,19.1,124.9,7
Belgaum Samra,November,1952-2000,49,28.6,16.9,34.2,7
Belgaum Samra,December,1952-2000,49,28.2,15.2,5.6,7
Bhagalpur,January,1901-1999,56,24.2,11.6,18.2,10
Bhagalpur,February,1901-1999,56,27.2,13.9,11.4,10
Bhagalpur,March,1901-1999,56,33.1,18.9,10.3,10
Bhagalpur,April,1901-1999,56,37.5,23.3,21.5,10
Bhagalpur,May,1901-1999,56,37.6,25,63,10
Bhagalpur,June,1901-1999,56,35.5,26.3,187.4,10
Bhagalpur,July,1901-1999,56,33,26.3,264.5,10
Bhagalpur,August,1901-1999,56,32.6,26.3,240.7,10
Bhagalpur,September,1901-1999,56,32.8,25.8,211.6,10
Bhagalpur,October,1901-1999,56,32.2,23,83.2,10
Bhagalpur,November,1901-1999,56,29.4,17.1,5.4,10
Bhagalpur,December,1901-1999,56,25.5,12.4,3.3,10
Bhatinda,January,1959-1984,24,20.5,4.7,11.4,10
Bhatinda,February,1959-1984,24,22.8,7.8,13.2,10
Bhatinda,March,1959-1984,24,28.3,12.5,23.5,10
Bhatinda,April,1959-1984,24,35.7,18.6,8.8,10
Bhatinda,May,1959-1984,24,40,22.7,14.8,10
Bhatinda,June,1959-1984,24,41.4,26.8,34.1,10
Bhatinda,July,1959-1984,24,36.9,26.3,133.1,10
Bhatinda,August,1959-1984,24,35.4,25.3,120.2,10
Bhatinda,September,1959-1984,24,35.4,22.6,47,10
Bhatinda,October,1959-1984,24,34,16.3,7.8,10
Bhatinda,November,1959-1984,24,28.2,9.6,7.7,10
Bhatinda,December,1959-1984,24,22.7,5.2,6.8,10
Bhopal,January,1949-2000,52,25.3,10.5,13.2,7
Bhopal,February,1949-2000,52,28.3,12.4,8.7,7
Bhopal,March,1949-2000,52,33.5,17.1,8.4,7
Bhopal,April,1949-2000,52,38.3,21.8,4.3,7
Bhopal,May,1949-2000,52,40.7,25.7,11.7,7
Bhopal,June,1949-2000,52,37.2,25.4,120.2,7
Bhopal,July,1949-2000,52,30.7,23.2,354.1,7
Bhopal,August,1949-2000,52,28.9,22.5,363.3,7
Bhopal,September,1949-2000,52,30.5,21.6,185.1,7
Bhopal,October,1949-2000,52,32,18.5,31,7
Bhopal,November,1949-2000,52,28.9,14.2,12.1,7
Bhopal,December,1949-2000,52,26,10.9,11,7
Bhubaneshwar,January,1952-2000,49,28.5,15.5,13.1,10
Bhubaneshwar,February,1952-2000,49,31.6,18.6,25.5,10
Bhubaneshwar,March,1952-2000,49,35.1,22.3,25.2,10
Bhubaneshwar,April,1952-2000,49,37.2,25.1,30.8,10
Bhubaneshwar,May,1952-2000,49,37.5,26.5,68.2,10
Bhubaneshwar,June,1952-2000,49,35.2,26.1,204.9,10
Bhubaneshwar,July,1952-2000,49,32,25.2,326.2,10
Bhubaneshwar,August,1952-2000,49,31.6,25.1,366.8,10
Bhubaneshwar,September,1952-2000,49,31.9,24.8,256.3,10
Bhubaneshwar,October,1952-2000,49,31.7,23,190.7,10
Bhubaneshwar,November,1952-2000,49,30.2,18.8,41.7,10
Bhubaneshwar,December,1952-2000,49,28.3,15.2,4.9,10
Bhuj,January,1953-2000,47,27.1,8.8,2,0
Bhuj,February,1953-2000,47,30.1,11.8,1.5,0
Bhuj,March,1953-2000,47,35.1,17.4,2.1,0
Bhuj,April,1953-2000,47,38.8,22,1.1,0
Bhuj,May,1953-2000,47,39.6,25.3,7.5,0
Bhuj,June,1953-2000,47,37.5,27.1,38,0
Bhuj,July,1953-2000,47,34,26.3,125.7,0
Bhuj,August,1953-2000,47,32.8,25.3,103.5,0
Bhuj,September,1953-2000,47,34.3,23.9,63.1,0
Bhuj,October,1953-2000,47,36.4,20.7,19.7,0
Bhuj,November,1953-2000,47,32.7,15.1,8.5,0
Bhuj,December,1953-2000,47,28.4,10.1,1,0
Bikaner,January,1901-2000,97,22.6,6.5,5.7,1
Bikaner,February,1901-2000,97,25.8,9.6,7.8,1
Bikaner,March,1901-2000,97,31.9,15.7,6.3,1
Bikaner,April,1901-2000,97,37.7,22,11.9,1
Bikaner,May,1901-2000,97,41.8,27.1,15.9,1
Bikaner,June,1901-2000,97,41.7,29.3,33,1
Bikaner,July,1901-2000,97,38.4,28.1,91.1,1
Bikaner,August,1901-2000,97,36.5,26.8,82.6,1
Bikaner,September,1901-2000,97,36.7,25.2,40.8,1
Bikaner,October,1901-2000,97,35.8,20,10.1,1
Bikaner,November,1901-2000,97,30.4,12.4,1.9,1
Bikaner,December,1901-2000,97,24.7,7.4,3,1
Cannanore,January,1978-2000,22,32.7,21.5,4.8,7
Cannanore,February,1978-2000,22,33.1,22.3,0.2,7
Cannanore,March,1978-2000,22,33.6,24.1,52.3,7
Cannanore,April,1978-2000,22,34.1,25.6,41.7,7
Cannanore,May,1978-2000,22,33.3,25.3,206.6,7
Cannanore,June,1978-2000,22,29.6,23.6,1048.1,7
Cannanore,July,1978-2000,22,28.9,23.1,875.5,7
Cannanore,August,1978-2000,22,29,23.1,574.4,7
Cannanore,September,1978-2000,22,30.1,23.4,200.8,7
Cannanore,October,1978-2000,22,31,23.5,221.7,7
Cannanore,November,1978-2000,22,32,23,103.3,7
Cannanore,December,1978-2000,22,32.5,22,36.5,7
Chandigarh,January,1954-1977,24,20.4,6.1,46.6,10
Chandigarh,February,1954-1977,24,23.1,8.3,33.9,10
Chandigarh,March,1954-1977,24,28.5,13.4,29.3,10
Chandigarh,April,1954-1977,24,34.5,18.9,11.3,10
Chandigarh,May,1954-1977,24,38.3,23.2,24.2,10
Chandigarh,June,1954-1977,24,38.6,25.4,112.6,10
Chandigarh,July,1954-1977,24,34,24,276.3,10
Chandigarh,August,1954-1977,24,32.8,23.3,282.8,10
Chandigarh,September,1954-1977,24,33.1,21.8,179,10
Chandigarh,October,1954-1977,24,31.8,17,41.6,10
Chandigarh,November,1954-1977,24,27.3,10.5,6.7,10
Chandigarh,December,1954-1977,24,22.1,6.7,18.9,10
Chennai,January,1901-2000,100,28.8,20.4,35.3,10
Chennai,February,1901-2000,100,30.5,21.1,13,10
Chennai,March,1901-2000,100,32.6,23,14.5,10
Chennai,April,1901-2000,100,34.7,25.8,15.9,10
Chennai,May,1901-2000,100,37.4,27.6,42.4,10
Chennai,June,1901-2000,100,37.3,27.4,53.9,10
Chennai,July,1901-2000,100,35.3,26.1,99.6,10
Chennai,August,1901-2000,100,34.5,25.5,129.9,10
Chennai,September,1901-2000,100,33.9,25.2,123.5,10
Chennai,October,1901-2000,100,31.8,24.2,284.6,10
Chennai,November,1901-2000,100,29.4,22.6,353,10
Chennai,December,1901-2000,100,28.4,21.2,146.3,10
Cherrapunji,January,1902-2000,99,15.7,7.3,19.2,3
Cherrapunji,February,1902-2000,99,17.1,8.9,51.5,3
Cherrapunji,March,1902-2000,99,20.4,12.5,223.1,3
Cherrapunji,April,1902-2000,99,21.9,14.6,684.1,3
Cherrapunji,May,1902-2000,99,22.4,16.1,1393.9,3
Cherrapunji,June,1902-2000,99,22.4,17.7,2597.5,3
Cherrapunji,July,1902-2000,99,22.4,18.2,2622,3
Cherrapunji,August,1902-2000,99,22.7,18.2,1793.5,3
Cherrapunji,September,1902-2000,99,23,17.8,1113,3
Cherrapunji,October,1902-2000,99,22.5,15.7,478,3
Cherrapunji,November,1902-2000,99,20.1,12,63.3,3
Cherrapunji,December,1902-2000,99,17.1,8.6,13.5,3
Coimbatore,January,1948-2000,53,30.2,18.1,6.6,0
Coimbatore,February,1948-2000,53,32.9,19.2,8.9,0
Coimbatore,March,1948-2000,53,35.5,21.3,12,0
Coimbatore,April,1948-2000,53,36.2,23.3,49.4,0
Coimbatore,May,1948-2000,53,34.7,23.3,68.8,0
Coimbatore,June,1948-2000,53,32,22.3,84.4,0
Coimbatore,July,1948-2000,53,30.8,21.7,34.3,0
Coimbatore,August,1948-2000,53,31.3,21.7,28.4,0
Coimbatore,September,1948-2000,53,32.2,21.8,57.3,0
Coimbatore,October,1948-2000,53,31.3,21.8,136.7,0
Coimbatore,November,1948-2000,53,29.9,20.6,119.3,0
Coimbatore,December,1948-2000,53,29.1,18.8,40.8,0
Cooch Behar,January,1901-2000,61,23.7,9.6,8.3,4
Cooch Behar,February,1901-2000,61,25.8,11.6,13.1,4
Cooch Behar,March,1901-2000,61,29.9,15.8,40.7,4
Cooch Behar,April,1901-2000,61,31.7,20.1,127.9,4
Cooch Behar,May,1901-2000,61,31,22.2,377.6,4
Cooch Behar,June,1901-2000,61,31.1,24.1,766.8,4
Cooch Behar,July,1901-2000,61,31.3,24.9,813.4,4
Cooch Behar,August,1901-2000,61,31.6,25.1,620.5,4
Cooch Behar,September,1901-2000,61,31.3,24.3,519,4
Cooch Behar,October,1901-2000,61,30.5,21.2,179.8,4
Cooch Behar,November,1901-2000,61,28.1,15.4,9.7,4
Cooch Behar,December,1901-2000,61,25.2,11.2,4,4
Darjeeling,January,1901-2000,97,9.4,1.8,19.7,9
Darjeeling,February,1901-2000,97,10.4,2.9,24.1,9
Darjeeling,March,1901-2000,97,14.4,6.3,47.7,9
Darjeeling,April,1901-2000,97,17.4,9.4,115.8,9
Darjeeling,May,1901-2000,97,18.5,11.5,197.2,9
Darjeeling,June,1901-2000,97,19.3,13.6,570,9
Darjeeling,July,1901-2000,97,19.4,14.3,781.7,9
Darjeeling,August,1901-2000,97,19.6,14.2,635.3,9
Darjeeling,September,1901-2000,97,19.2,13.3,437.3,9
Darjeeling,October,1901-2000,97,18,10.3,122.5,9
Darjeeling,November,1901-2000,97,14.7,6.3,23.5,9
Darjeeling,December,1901-2000,97,11.5,3.3,7,9
Dehra Dun,January,1901-2000,84,19.3,6,55,9
Dehra Dun,February,1901-2000,84,21.5,7.8,58.8,9
Dehra Dun,March,1901-2000,84,26.4,12,49,9
Dehra Dun,April,1901-2000,84,32.1,16.7,22.5,9
Dehra Dun,May,1901-2000,84,35.6,20.7,41.7,9
Dehra Dun,June,1901-2000,84,34.8,23,201.8,9
Dehra Dun,July,1901-2000,84,30.5,22.8,672.6,9
Dehra Dun,August,1901-2000,84,29.4,22.4,728.2,9
Dehra Dun,September,1901-2000,84,29.7,20.8,296.5,9
Dehra Dun,October,1901-2000,84,28.5,15.7,49.8,9
Dehra Dun,November,1901-2000,84,25,10.4,8.6,9
Dehra Dun,December,1901-2000,84,21.1,6.8,24.4,9
Dharmsala,January,1951-1998,48,14.8,5.9,119.7,4
Dharmsala,February,1951-1998,48,16.7,7.5,108.2,4
Dharmsala,March,1951-1998,48,21,11.4,241.7,4
Dharmsala,April,1951-1998,48,26.1,15.9,58.3,4
Dharmsala,May,1951-1998,48,30.3,19.8,64.2,4
Dharmsala,June,1951-1998,48,31.4,21.6,222.7,4
Dharmsala,July,1951-1998,48,27.3,20.6,876.9,4
Dharmsala,August,1951-1998,48,26.4,20.2,864.6,4
Dharmsala,September,1951-1998,48,26.4,18.6,375.8,4
Dharmsala,October,1951-1998,48,24.9,15,55.8,4
Dharmsala,November,1951-1998,48,20.9,10.6,20.8,4
Dharmsala,December,1951-1998,48,16.9,7.4,54.9,4
Dibrugarh,January,1952-2000,49,22.7,9.1,32,1
Dibrugarh,February,1952-2000,49,23.9,12.2,78.5,1
Dibrugarh,March,1952-2000,49,26.5,15.6,109.7,1
Dibrugarh,April,1952-2000,49,27.9,18.7,218.7,1
Dibrugarh,May,1952-2000,49,29.4,21.7,316,1
Dibrugarh,June,1952-2000,49,30.9,24,419.5,1
Dibrugarh,July,1952-2000,49,31,24.5,520.9,1
Dibrugarh,August,1952-2000,49,31.6,24.8,443.8,1
Dibrugarh,September,1952-2000,49,30.7,23.8,333.1,1
Dibrugarh,October,1952-2000,49,29.5,20.6,143.4,1
Dibrugarh,November,1952-2000,49,27.1,14.6,24.7,1
Dibrugarh,December,1952-2000,49,24,9.8,18,1
Gadag,January,1932-2000,69,30.1,16.5,2.2,8
Gadag,February,1932-2000,69,32.9,18.4,1.6,8
Gadag,March,1932-2000,69,35.9,21,6.2,8
Gadag,April,1932-2000,69,37.3,22.4,37.2,8
Gadag,May,1932-2000,69,36.3,22.4,77.6,8
Gadag,June,1932-2000,69,31,21.7,81.6,8
Gadag,July,1932-2000,69,28.5,21.2,71.6,8
Gadag,August,1932-2000,69,28.7,20.8,86.7,8
Gadag,September,1932-2000,69,29.8,20.5,126.6,8
Gadag,October,1932-2000,69,30.6,20.5,121.1,8
Gadag,November,1932-2000,69,29.7,18.3,36.6,8
Gadag,December,1932-2000,69,29,16.3,8.6,8
Gangtok,January,1966-2000,35,12.6,4.2,31.9,9
Gangtok,February,1966-2000,35,14.1,5.5,79.4,9
Gangtok,March,1966-2000,35,18.3,8.7,122.2,9
Gangtok,April,1966-2000,35,21,11.5,270.9,9
Gangtok,May,1966-2000,35,21.7,13.6,527.7,9
Gangtok,June,1966-2000,35,22.2,16,611.3,9
Gangtok,July,1966-2000,35,22,16.6,628.6,9
Gangtok,August,1966-2000,35,22.4,16.5,563.2,9
Gangtok,September,1966-2000,35,21.8,15.5,463.4,9
Gangtok,October,1966-2000,35,20.9,12.3,177.9,9
Gangtok,November,1966-2000,35,17.8,8.7,41.7,9
Gangtok,December,1966-2000,35,14.4,5.6,21.1,9
Gaya,January,1901-1999,98,23.8,10,20.1,10
Gaya,February,1901-1999,98,26.9,12.6,19,10
Gaya,March,1901-1999,98,33.4,17.7,11.7,10
Gaya,April,1901-1999,98,38.8,23.3,7.5,10
Gaya,May,1901-1999,98,40.8,26.7,21.3,10
Gaya,June,1901-1999,98,38.1,27.6,137.3,10
Gaya,July,1901-1999,98,33.4,26.1,313.9,10
Gaya,August,1901-1999,98,32.4,25.7,327.6,10
Gaya,September,1901-1999,98,32.6,25.3,205.7,10
Gaya,October,1901-1999,98,31.9,21.6,52.6,10
Gaya,November,1901-1999,98,28.7,14.8,10,10
Gaya,December,1901-1999,98,24.8,10.3,3.6,10
Gopalpur,January,1901-2000,98,27.2,16.9,11,10
Gopalpur,February,1901-2000,98,28.9,19.5,23.6,10
Gopalpur,March,1901-2000,98,30.7,22.6,18.1,10
Gopalpur,April,1901-2000,98,31.2,25,20.3,10
Gopalpur,May,1901-2000,98,32.4,26.7,53.8,10
Gopalpur,June,1901-2000,98,32.3,26.8,138.1,10
Gopalpur,July,1901-2000,98,31,26.1,174.6,10
Gopalpur,August,1901-2000,98,31.2,25.9,195.9,10
Gopalpur,September,1901-2000,98,31.7,25.7,192,10
Gopalpur,October,1901-2000,98,31.4,23.8,237.8,10
Gopalpur,November,1901-2000,98,29.5,19.7,95.3,10
Gopalpur,December,1901-2000,98,27.4,16.4,11.4,10
Gorakhpur,January,1901-2000,96,22.9,9.2,14.2,10
Gorakhpur,February,1901-2000,96,25.9,11.4,15.2,10
Gorakhpur,March,1901-2000,96,32.4,16.4,9.4,10
Gorakhpur,April,1901-2000,96,37.4,21.8,11.7,10
Gorakhpur,May,1901-2000,96,38.7,25,36.1,10
Gorakhpur,June,1901-2000,96,36.7,26.3,166.7,10
Gorakhpur,July,1901-2000,96,32.9,26,342.7,10
Gorakhpur,August,1901-2000,96,32.4,25.7,339.1,10
Gorakhpur,September,1901-2000,96,32.6,24.9,232.3,10
Gorakhpur,October,1901-2000,96,32.4,20.9,60.4,10
Gorakhpur,November,1901-2000,96,28.8,14.4,4.9,10
Gorakhpur,December,1901-2000,96,24.4,10.1,6.2,10
Gulbarga,January,1901-2000,98,30.7,16,5,7
Gulbarga,February,1901-2000,98,33.6,18.3,5.6,7
Gulbarga,March,1901-2000,98,37.3,21.8,7.9,7
Gulbarga,April,1901-2000,98,39.6,25,18.6,7
Gulbarga,May,1901-2000,98,40.3,26,35.5,7
Gulbarga,June,1901-2000,98,35.3,23.7,107.3,7
Gulbarga,July,1901-2000,98,31.8,22.5,136.8,7
Gulbarga,August,1901-2000,98,31.3,22.2,140.1,7
Gulbarga,September,1901-2000,98,31.5,22.1,190.1,7
Gulbarga,October,1901-2000,98,32.3,20.9,80.7,7
Gulbarga,November,1901-2000,98,30.8,17.8,26.8,7
Gulbarga,December,1901-2000,98,29.7,15.2,5.1,7
Guwahati,January,1951-2000,50,23.6,10.2,11.8,10
Guwahati,February,1951-2000,50,26.2,11.9,17.2,10
Guwahati,March,1951-2000,50,29.9,15.8,55.1,10
Guwahati,April,1951-2000,50,31.2,20,147,10
Guwahati,May,1951-2000,50,31.1,22.6,248.9,10
Guwahati,June,1951-2000,50,31.7,24.8,316.8,10
Guwahati,July,1951-2000,50,31.8,25.5,351.2,10
Guwahati,August,1951-2000,50,32.1,25.5,269.4,10
Guwahati,September,1951-2000,50,31.6,24.6,187,10
Guwahati,October,1951-2000,50,30.2,21.9,90.9,10
Guwahati,November,1951-2000,50,27.6,16.7,18.5,10
Guwahati,December,1951-2000,50,24.6,11.7,7.3,10
Gwalior,January,1951-2000,50,22.8,7,14.4,10
Gwalior,February,1951-2000,50,26.4,9.8,10,10
Gwalior,March,1951-2000,50,32.5,15.4,6.5,10
Gwalior,April,1951-2000,50,38.6,21.5,4.5,10
Gwalior,May,1951-2000,50,42,26.8,11.2,10
Gwalior,June,1951-2000,50,40.7,29,67.5,10
Gwalior,July,1951-2000,50,34.6,26.4,248.8,10
Gwalior,August,1951-2000,50,32.4,25.2,274.4,10
Gwalior,September,1951-2000,50,33.1,23.9,151.2,10
Gwalior,October,1951-2000,50,33.5,18.3,40.7,10
Gwalior,November,1951-2000,50,29.4,11.6,5.8,10
Gwalior,December,1951-2000,50,24.6,7.3,7,10
Hassan,January,1901-2000,100,27.9,14.1,2.6,0
Hassan,February,1901-2000,100,30.3,15.5,5,0
Hassan,March,1901-2000,100,32.7,17.7,11.5,0
Hassan,April,1901-2000,100,33.3,19.5,56.7,0
Hassan,May,1901-2000,100,31.4,19.7,104.9,0
Hassan,June,1901-2000,100,26.8,19,88.7,0
Hassan,July,1901-2000,100,24.9,18.6,147.9,0
Hassan,August,1901-2000,100,25.4,18.5,94.2,0
Hassan,September,1901-2000,100,26.9,18.2,106.5,0
Hassan,October,1901-2000,100,27.5,18.2,156.1,0
Hassan,November,1901-2000,100,26.9,16.5,64.1,0
Hassan,December,1901-2000,100,26.7,14.5,14.6,0
Hissar,January,1914-2000,87,21.3,5.8,14.8,10
Hissar,February,1914-2000,87,24.5,8.5,15.2,10
Hissar,March,1914-2000,87,30.5,13.8,14,10
Hissar,April,1914-2000,87,36.9,19.6,8.9,10
Hissar,May,1914-2000,87,41,24.7,17.3,10
Hissar,June,1914-2000,87,41.2,27.8,39.7,10
Hissar,July,1914-2000,87,37.2,27.3,133.1,10
Hissar,August,1914-2000,87,35.6,26.2,130.6,10
Hissar,September,1914-2000,87,35.7,23.9,74.5,10
Hissar,October,1914-2000,87,34.4,17.8,29.2,10
Hissar,November,1914-2000,87,29.2,10.9,3.2,10
Hissar,December,1914-2000,87,23.5,6.5,10.2,10
Hyderabad,January,1951-2000,50,28.8,15.2,13.2,0
Hyderabad,February,1951-2000,50,31.9,17.6,7.9,0
Hyderabad,March,1951-2000,50,35.4,20.8,15.3,0
Hyderabad,April,1951-2000,50,37.9,24.3,20.2,0
Hyderabad,May,1951-2000,50,39,26.2,35.7,0
Hyderabad,June,1951-2000,50,34.5,24,103.8,0
Hyderabad,July,1951-2000,50,30.8,22.6,169.9,0
Hyderabad,August,1951-2000,50,29.8,22.1,178.7,0
Hyderabad,September,1951-2000,50,30.5,22,158.3,0
Hyderabad,October,1951-2000,50,30.6,20.3,97.2,0
Hyderabad,November,1951-2000,50,29,16.9,22.4,0
Hyderabad,December,1951-2000,50,28,14.5,5.9,0
Imphal,January,1953-1998,45,21.5,4,12.2,8
Imphal,February,1953-1998,45,23.3,6.9,37.5,8
Imphal,March,1953-1998,45,26.8,11.2,84.5,8
Imphal,April,1953-1998,45,28.6,15.4,120.1,8
Imphal,May,1953-1998,45,29,18.3,154.2,8
Imphal,June,1953-1998,45,29.1,20.9,262.1,8
Imphal,July,1953-1998,45,28.9,21.5,407.3,8
Imphal,August,1953-1998,45,29,21.3,198.7,8
Imphal,September,1953-1998,45,29,20.2,131.5,8
Imphal,October,1953-1998,45,28.1,16.7,112.1,8
Imphal,November,1953-1998,45,25.2,10.5,48.1,8
Imphal,December,1953-1998,45,22.2,5.1,14,8
Indore,January,1949-2000,52,26.5,9.9,7.7,7
Indore,February,1949-2000,52,29.3,11.5,2.5,7
Indore,March,1949-2000,52,34.2,16.2,2.4,7
Indore,April,1949-2000,52,38.4,21,2.4,7
Indore,May,1949-2000,52,40.2,24.5,10.6,7
Indore,June,1949-2000,52,36.3,24.3,131.9,7
Indore,July,1949-2000,52,30.3,22.7,283.7,7
Indore,August,1949-2000,52,28.5,22,276.9,7
Indore,September,1949-2000,52,30.3,21,183.1,7
Indore,October,1949-2000,52,32.2,18,40.1,7
Indore,November,1949-2000,52,29.6,13.6,13.3,7
Indore,December,1949-2000,52,27.1,10.5,6.3,7
Jabalpur,January,1901-2000,100,25.5,9.8,22.2,2
Jabalpur,February,1901-2000,100,28.2,11.9,23.4,2
Jabalpur,March,1901-2000,100,33.6,16.1,15.5,2
Jabalpur,April,1901-2000,100,38.4,21.4,7.7,2
Jabalpur,May,1901-2000,100,41.3,26,12.9,2
Jabalpur,June,1901-2000,100,37.5,26.4,167.3,2
Jabalpur,July,1901-2000,100,30.7,24.1,421.9,2
Jabalpur,August,1901-2000,100,29.5,23.6,422.9,2
Jabalpur,September,1901-2000,100,30.9,23.1,200.1,2
Jabalpur,October,1901-2000,100,31.6,18.8,39.9,2
Jabalpur,November,1901-2000,100,28.7,12.7,15,2
Jabalpur,December,1901-2000,100,25.9,9.3,9.9,2
Jagdalpur,January,1909-2000,92,28.2,11.6,9.1,1
Jagdalpur,February,1909-2000,92,30.9,14.3,15.6,1
Jagdalpur,March,1909-2000,92,34.9,18.5,16,1
Jagdalpur,April,1909-2000,92,37.2,22.2,51.1,1
Jagdalpur,May,1909-2000,92,38.1,24.2,73.2,1
Jagdalpur,June,1909-2000,92,33.4,23.8,239.6,1
Jagdalpur,July,1909-2000,92,28.6,22.3,369.4,1
Jagdalpur,August,1909-2000,92,28.4,22.2,377.5,1
Jagdalpur,September,1909-2000,92,29.6,22,236.9,1
Jagdalpur,October,1909-2000,92,29.9,19.6,101.1,1
Jagdalpur,November,1909-2000,92,28.2,14.9,24.3,1
Jagdalpur,December,1909-2000,92,27.2,11.1,7.7,1
Jaipur,January,1952-2000,49,22.4,8.2,7.5,10
Jaipur,February,1952-2000,49,25.4,10.9,10.2,10
Jaipur,March,1952-2000,49,31.3,16,4.5,10
Jaipur,April,1952-2000,49,37,21.6,8.3,10
Jaipur,May,1952-2000,49,40.3,25.7,16.7,10
Jaipur,June,1952-2000,49,39.5,27.5,54.7,10
Jaipur,July,1952-2000,49,34.2,25.8,214,10
Jaipur,August,1952-2000,49,32.3,24.5,213.6,10
Jaipur,September,1952-2000,49,33.5,23.2,69.4,10
Jaipur,October,1952-2000,49,33.5,19,23.3,10
Jaipur,November,1952-2000,49,29.1,13.4,4.2,10
Jaipur,December,1952-2000,49,24.4,9.2,3,10
Jaisalmer,January,1948-2000,43,23.7,7.6,1.5,5
Jaisalmer,February,1948-2000,43,27.1,10.5,3,5
Jaisalmer,March,1948-2000,43,32.6,16.4,2.7,5
Jaisalmer,April,1948-2000,43,38.2,21.9,21,5
Jaisalmer,May,1948-2000,43,41.6,25.6,8.9,5
Jaisalmer,June,1948-2000,43,40.8,27,15.1,5
Jaisalmer,July,1948-2000,43,37.7,26.5,60.1,5
Jaisalmer,August,1948-2000,43,36,25.4,75.8,5
Jaisalmer,September,1948-2000,43,36.4,24.2,17.6,5
Jaisalmer,October,1948-2000,43,36.1,20.2,2.4,5
Jaisalmer,November,1948-2000,43,31,13.4,1.5,5
Jaisalmer,December,1948-2000,43,25.5,8.5,2.4,5
Jammu,January,1925-2000,62,18.6,7.8,60.7,9
Jammu,February,1925-2000,62,21.3,10.1,62.8,9
Jammu,March,1925-2000,62,26.1,14.2,59.9,9
Jammu,April,1925-2000,62,32.6,19.7,35.7,9
Jammu,May,1925-2000,62,38.1,24.7,25.6,9
Jammu,June,1925-2000,62,39.8,26.9,72.7,9
Jammu,July,1925-2000,62,35.1,25.2,349.6,9
Jammu,August,1925-2000,62,33.3,24.7,319.1,9
Jammu,September,1925-2000,62,33.3,23.3,139.8,9
Jammu,October,1925-2000,62,31.4,18.8,23.8,9
Jammu,November,1925-2000,62,26.5,13.1,10.3,9
Jammu,December,1925-2000,62,20.9,9,33,9
Jamshedpur,January,1951-1999,43,26.2,11.7,14,1
Jamshedpur,February,1951-1999,43,29.3,14.5,25.7,1
Jamshedpur,March,1951-1999,43,34.4,18.6,26.1,1
Jamshedpur,April,1951-1999,43,38.9,23.7,37.5,1
Jamshedpur,May,1951-1999,43,39.6,26.2,57.2,1
Jamshedpur,June,1951-1999,43,36.2,26.2,205.3,1
Jamshedpur,July,1951-1999,43,32.3,25.1,292.5,1
Jamshedpur,August,1951-1999,43,31.8,25.2,306.5,1
Jamshedpur,September,1951-1999,43,32.1,24.6,208.8,1
Jamshedpur,October,1951-1999,43,31.5,21.7,82.2,1
Jamshedpur,November,1951-1999,43,29,16.1,10.1,1
Jamshedpur,December,1951-1999,43,26.2,11.7,6.1,1
Jharsuguda,January,1951-2000,47,27.6,12.2,16.1,1
Jharsuguda,February,1951-2000,47,30.7,15,19.7,1
Jharsuguda,March,1951-2000,47,35.5,19.2,18,1
Jharsuguda,April,1951-2000,47,40,24.1,18,1
Jharsuguda,May,1951-2000,47,41.4,26.9,36.1,1
Jharsuguda,June,1951-2000,47,36.9,26.3,211.8,1
Jharsuguda,July,1951-2000,47,31.5,24.7,377.3,1
Jharsuguda,August,1951-2000,47,31.1,24.6,405.5,1
Jharsuguda,September,1951-2000,47,31.9,24.3,278.4,1
Jharsuguda,October,1951-2000,47,32,21.5,61.7,1
Jharsuguda,November,1951-2000,47,30,16.2,10.4,1
Jharsuguda,December,1951-2000,47,27.6,12.1,7.9,1
Jodhpur,January,1901-2000,100,25,9.6,10.2,10
Jodhpur,February,1901-2000,100,27.8,11.8,4.8,10
Jodhpur,March,1901-2000,100,33.4,17.2,3.9,10
Jodhpur,April,1901-2000,100,38.4,22.7,5.1,10
Jodhpur,May,1901-2000,100,41.4,26.8,66.1,10
Jodhpur,June,1901-2000,100,40.1,28.2,35.1,10
Jodhpur,July,1901-2000,100,36,26.8,120.8,10
Jodhpur,August,1901-2000,100,33.7,25.3,128.9,10
Jodhpur,September,1901-2000,100,35,24.1,57.6,10
Jodhpur,October,1901-2000,100,36,19.9,8.1,10
Jodhpur,November,1901-2000,100,31.5,14.5,2.6,10
Jodhpur,December,1901-2000,100,26.8,10.8,1.6,10
Joshimath,January,1958-1987,29,11.4,2.1,65.3,9
Joshimath,February,1958-1987,29,12.4,3.2,98,9
Joshimath,March,1958-1987,29,17.6,6.6,114.3,9
Joshimath,April,1958-1987,29,21.8,10.8,64,9
Joshimath,May,1958-1987,29,24.6,13.9,71.3,9
Joshimath,June,1958-1987,29,25.9,16.6,132.3,9
Joshimath,July,1958-1987,29,24.1,16.9,247.4,9
Joshimath,August,1958-1987,29,23.6,16.9,222.4,9
Joshimath,September,1958-1987,29,22.9,14.8,104.8,9
Joshimath,October,1958-1987,29,20.6,10.5,45.1,9
Joshimath,November,1958-1987,29,16.8,6.2,15.4,9
Joshimath,December,1958-1987,29,13.6,3.8,25,9
Jullundur,January,1970-1999,14,19.4,6.2,10.7,10
Jullundur,February,1970-1999,14,21.6,8.6,16.7,10
Jullundur,March,1970-1999,14,26,13.2,32.8,10
Jullundur,April,1970-1999,14,34.5,19,15.2,10
Jullundur,May,1970-1999,14,39.4,23.8,20.4,10
Jullundur,June,1970-1999,14,38.2,25.6,69.7,10
Jullundur,July,1970-1999,14,34.1,24.7,155.2,10
Jullundur,August,1970-1999,14,33.1,25.8,183.6,10
Jullundur,September,1970-1999,14,32.6,21.8,60,10
Jullundur,October,1970-1999,14,31.5,18.3,1.5,10
Jullundur,November,1970-1999,14,27.2,12.1,3.5,10
Jullundur,December,1970-1999,14,22.3,7.2,9.7,10
Kanpur,January,1901-1995,84,23,8.5,15.4,10
Kanpur,February,1901-1995,84,26,11,16.4,10
Kanpur,March,1901-1995,84,32.3,16.2,7.9,10
Kanpur,April,1901-1995,84,38.2,21.9,5.3,10
Kanpur,May,1901-1995,84,41.3,26.4,8.4,10
Kanpur,June,1901-1995,84,39.9,28.5,66.3,10
Kanpur,July,1901-1995,84,34.2,26.7,244.6,10
Kanpur,August,1901-1995,84,32.5,25.9,273.2,10
Kanpur,September,1901-1995,84,33.1,24.9,161.7,10
Kanpur,October,1901-1995,84,33,19.6,40,10
Kanpur,November,1901-1995,84,28.9,12.7,4.6,10
Kanpur,December,1901-1995,84,24.2,8.8,7.1,10
Kanyakumari,January,1961-2000,40,30.8,23.4,13.4,10
Kanyakumari,February,1961-2000,40,31.6,23.8,13.5,10
Kanyakumari,March,1961-2000,40,32.1,25,23.3,10
Kanyakumari,April,1961-2000,40,32.7,26.1,64.5,10
Kanyakumari,May,1961-2000,40,32.5,26.2,51.2,10
Kanyakumari,June,1961-2000,40,30.5,24.5,87.8,10
Kanyakumari,July,1961-2000,40,30.3,24,47,10
Kanyakumari,August,1961-2000,40,30.4,23.9,41.4,10
Kanyakumari,September,1961-2000,40,30.6,24.3,38.9,10
Kanyakumari,October,1961-2000,40,30.5,24.3,127.5,10
Kanyakumari,November,1961-2000,40,30.2,24,165.3,10
Kanyakumari,December,1961-2000,40,30.2,23.7,61.1,10
Karnal,January,1949-1999,50,19.9,7.1,26.9,10
Karnal,February,1949-1999,50,22.7,9.2,17.5,10
Karnal,March,1949-1999,50,28.1,13.5,18.6,10
Karnal,April,1949-1999,50,35.2,19.2,6.7,10
Karnal,May,1949-1999,50,38.9,23.6,9.8,10
Karnal,June,1949-1999,50,38.8,26,50.7,10
Karnal,July,1949-1999,50,34.2,25.4,194.8,10
Karnal,August,1949-1999,50,32.8,24.9,221.5,10
Karnal,September,1949-1999,50,32.9,23.2,93.3,10
Karnal,October,1949-1999,50,31.7,17.7,21.7,10
Karnal,November,1949-1999,50,27.2,11.9,4.7,10
Karnal,December,1949-1999,50,22.1,8,9.7,10
Khajuraho,January,1970-2000,30,24.3,8.4,20.8,8
Khajuraho,February,1970-2000,30,27.6,10.6,28.2,8
Khajuraho,March,1970-2000,30,33.8,15.5,8.3,8
Khajuraho,April,1970-2000,30,39.8,21.9,5.4,8
Khajuraho,May,1970-2000,30,42.7,27,9.4,8
Khajuraho,June,1970-2000,30,40.1,28.4,100,8
Khajuraho,July,1970-2000,30,33.8,26.1,322.8,8
Khajuraho,August,1970-2000,30,32.1,25.2,401.2,8
Khajuraho,September,1970-2000,30,32.9,24,187.8,8
Khajuraho,October,1970-2000,30,33.7,19.1,37.3,8
Khajuraho,November,1970-2000,30,29.9,13.1,8.5,8
Khajuraho,December,1970-2000,30,25.7,9,4.8,8
Kodaikanal,January,1901-2000,100,17.5,8.1,59.1,0
Kodaikanal,February,1901-2000,100,18.6,8.5,34.6,0
Kodaikanal,March,1901-2000,100,20.1,10.1,52.6,0
Kodaikanal,April,1901-2000,100,20.6,11.7,136,0
Kodaikanal,May,1901-2000,100,20.9,12.6,146.1,0
Kodaikanal,June,1901-2000,100,18.9,12,97.7,0
Kodaikanal,July,1901-2000,100,17.7,11.4,122.1,0
Kodaikanal,August,1901-2000,100,17.9,11.3,153.1,0
Kodaikanal,September,1901-2000,100,18.1,11.2,185.6,0
Kodaikanal,October,1901-2000,100,17.4,10.7,253.9,0
Kodaikanal,November,1901-2000,100,16.4,9.7,235,0
Kodaikanal,December,1901-2000,100,16.7,8.7,141.4,0
Kohima,January,1952-1992,33,16.6,8.1,11.7,1
Kohima,February,1952-1992,33,17.9,9.3,35.4,1
Kohima,March,1952-1992,33,22.1,12.7,47.6,1
Kohima,April,1952-1992,33,24.1,15.6,88.7,1
Kohima,May,1952-1992,33,24.4,16.9,159.2,1
Kohima,June,1952-1992,33,24.9,18.1,333.8,1
Kohima,July,1952-1992,33,25,18.8,371.8,1
Kohima,August,1952-1992,33,25.4,18.9,364,1
Kohima,September,1952-1992,33,25,18.1,250.1,1
Kohima,October,1952-1992,33,23.4,16.6,126,1
Kohima,November,1952-1992,33,20.6,13.1,35.2,1
Kohima,December,1952-1992,33,17.7,9.4,7.8,1
Kolkata,January,1901-2000,100,26,13.7,13.3,10
Kolkata,February,1901-2000,100,29,16.6,25.6,10
Kolkata,March,1901-2000,100,33.7,21.4,33.3,10
Kolkata,April,1901-2000,100,35.7,24.9,51.2,10
Kolkata,May,1901-2000,100,35.5,26.1,126.2,10
Kolkata,June,1901-2000,100,33.7,26.5,282.4,10
Kolkata,July,1901-2000,100,32,26.2,339.8,10
Kolkata,August,1901-2000,100,31.8,26.1,333.2,10
Kolkata,September,1901-2000,100,32,25.9,277.2,10
Kolkata,October,1901-2000,100,31.7,23.9,138.9,10
Kolkata,November,1901-2000,100,29.3,18.8,23.9,10
Kolkata,December,1901-2000,100,26.4,14.2,6.4,10
Kota,January,1961-2000,40,23.7,10.9,5.4,2
Kota,February,1961-2000,40,26.9,13.7,4.4,2
Kota,March,1961-2000,40,32.9,19.1,4,2
Kota,April,1961-2000,40,38.8,25,3.2,2
Kota,May,1961-2000,40,42.1,29.3,10.3,2
Kota,June,1961-2000,40,40,29.2,62.9,2
Kota,July,1961-2000,40,34.2,26.5,257,2
Kota,August,1961-2000,40,32,25.4,245.8,2
Kota,September,1961-2000,40,33.7,25,98.5,2
Kota,October,1961-2000,40,34.3,21.8,19.6,2
Kota,November,1961-2000,40,29.9,16.3,7.8,2
Kota,December,1961-2000,40,25.3,11.9,3.5,2
Kozhikode,January,1996-2000,5,33,22.3,7.4,7
Kozhikode,February,1996-2000,5,33.5,23.1,3.3,7
Kozhikode,March,1996-2000,5,34.5,24.9,23.4,7
Kozhikode,April,1996-2000,5,34.2,25.5,73.8,7
Kozhikode,May,1996-2000,5,33.1,25.3,189.7,7
Kozhikode,June,1996-2000,5,29.8,23.6,736.4,7
Kozhikode,July,1996-2000,5,28.8,23.1,789.3,7
Kozhikode,August,1996-2000,5,29.1,23.4,395.5,7
Kozhikode,September,1996-2000,5,30.4,23.7,237.4,7
Kozhikode,October,1996-2000,5,30.8,23.5,400.9,7
Kozhikode,November,1996-2000,5,31.9,23.4,158.5,7
Kozhikode,December,1996-2000,5,32.2,22.5,119.9,7
Lucknow,January,1952-2000,49,22.5,7.3,19.1,10
Lucknow,February,1952-2000,49,25.9,9.7,17.6,10
Lucknow,March,1952-2000,49,32.1,14.5,8.7,10
Lucknow,April,1952-2000,49,38,20.4,5.8,10
Lucknow,May,1952-2000,49,40.3,24.7,18.8,10
Lucknow,June,1952-2000,49,38.6,27,103.2,10
Lucknow,July,1952-2000,49,33.8,26.1,277.4,10
Lucknow,August,1952-2000,49,32.9,25.6,284,10
Lucknow,September,1952-2000,49,33,24.3,201.4,10
Lucknow,October,1952-2000,49,32.6,19,49,10
Lucknow,November,1952-2000,49,29,12.3,8,10
Lucknow,December,1952-2000,49,24.3,8,16.4,10
Ludhiana,January,1901-1984,84,19.7,6.2,30.6,10
Ludhiana,February,1901-1984,84,22.4,8.4,34.1,10
Ludhiana,March,1901-1984,84,28.3,13.1,28.7,10
Ludhiana,April,1901-1984,84,35.2,18.8,14.9,10
Ludhiana,May,1901-1984,84,40.2,23.9,14.7,10
Ludhiana,June,1901-1984,84,40.7,27.1,52,10
Ludhiana,July,1901-1984,84,35.9,26.7,200.2,10
Ludhiana,August,1901-1984,84,34.4,25.9,174.3,10
Ludhiana,September,1901-1984,84,34.7,23.7,108.4,10
Ludhiana,October,1901-1984,84,33.3,17.6,19.8,10
Ludhiana,November,1901-1984,84,27.7,10.6,5.4,10
Ludhiana,December,1901-1984,84,21.9,6.6,15.6,10
Madurai,January,1958-2000,43,30.5,20.1,16.1,0
Madurai,February,1958-2000,43,32.9,21,8.6,0
Madurai,March,1958-2000,43,35.6,22.9,12.3,0
Madurai,April,1958-2000,43,37,25.2,47.8,0
Madurai,May,1958-2000,43,37.6,26,68.8,0
Madurai,June,1958-2000,43,36.7,25.9,42.9,0
Madurai,July,1958-2000,43,35.8,25.6,59.1,0
Madurai,August,1958-2000,43,35.6,25.2,84.9,0
Madurai,September,1958-2000,43,34.8,24.4,124.5,0
Madurai,October,1958-2000,43,32.6,23.5,172.5,0
Madurai,November,1958-2000,43,30.4,22.5,146.6,0
Madurai,December,1958-2000,43,29.6,21.1,58.5,0
Mahabaleshwar,January,1932-2000,69,25.1,13.5,1.7,10
Mahabaleshwar,February,1932-2000,69,27,14.5,1,10
Mahabaleshwar,March,1932-2000,69,29.7,17.2,6.1,10
Mahabaleshwar,April,1932-2000,69,30.9,18.7,24.6,10
Mahabaleshwar,May,1932-2000,69,29.4,18.1,58.4,10
Mahabaleshwar,June,1932-2000,69,22.4,17,874.4,10
Mahabaleshwar,July,1932-2000,69,19.4,16.6,2344.7,10
Mahabaleshwar,August,1932-2000,69,19.2,16.4,1711.4,10
Mahabaleshwar,September,1932-2000,69,21,15.9,601.9,10
Mahabaleshwar,October,1932-2000,69,24.8,16.1,150.8,10
Mahabaleshwar,November,1932-2000,69,24.7,14.8,41,10
Mahabaleshwar,December,1932-2000,69,24.3,13.7,11.2,10
Malda,January,1901-1999,78,24.3,11.3,11.9,10
Malda,February,1901-1999,78,27.3,13.4,16.1,10
Malda,March,1901-1999,78,32.8,17.7,15.1,10
Malda,April,1901-1999,78,36.3,22.2,29.6,10
Malda,May,1901-1999,78,35.7,24.4,109.6,10
Malda,June,1901-1999,78,33.8,25.8,218.9,10
Malda,July,1901-1999,78,32.2,26,307.5,10
Malda,August,1901-1999,78,32,26.1,289.4,10
Malda,September,1901-1999,78,32.1,25.8,275.9,10
Malda,October,1901-1999,78,31.3,22.9,105.6,10
Malda,November,1901-1999,78,28.7,17.3,12.1,10
Malda,December,1901-1999,78,25.4,12.6,4.4,10
Manali,January,1968-2000,32,10.6,-1.7,128.9,9
Manali,February,1968-2000,32,11.7,-0.7,124.3,9
Manali,March,1968-2000,32,16.1,2.4,189.6,9
Manali,April,1968-2000,32,21.9,5.9,103.7,9
Manali,May,1968-2000,32,24.9,8.6,82.5,9
Manali,June,1968-2000,32,27.2,12.4,74.3,9
Manali,July,1968-2000,32,25.9,15.3,217.5,9
Manali,August,1968-2000,32,25.4,14.9,205.4,9
Manali,September,1968-2000,32,25,11.2,111.9,9
Manali,October,1968-2000,32,22.4,5.4,37.9,9
Manali,November,1968-2000,32,18.4,1.5,31.7,9
Manali,December,1968-2000,32,13.8,-0.4,56.1,9
Mangalore,January,1956-2000,45,32.8,20.8,1.1,0
Mangalore,February,1956-2000,45,33,21.8,0.2,0
Mangalore,March,1956-2000,45,33.5,23.6,2.9,0
Mangalore,April,1956-2000,45,34,25,24.4,0
Mangalore,May,1956-2000,45,33.3,25.1,183.2,0
Mangalore,June,1956-2000,45,29.7,23.4,1027.2,0
Mangalore,July,1956-2000,45,28.2,22.9,1200.4,0
Mangalore,August,1956-2000,45,28.4,23,787.3,0
Mangalore,September,1956-2000,45,29.5,23.1,292.1,0
Mangalore,October,1956-2000,45,30.9,23.1,190.8,0
Mangalore,November,1956-2000,45,32.3,22.4,70.9,0
Mangalore,December,1956-2000,45,32.8,21.2,16.4,0
Masulipatnam,January,1901-2000,100,28.2,19.3,5.3,10
Masulipatnam,February,1901-2000,100,30,20.7,12.3,10
Masulipatnam,March,1901-2000,100,32.3,22.6,10.2,10
Masulipatnam,April,1901-2000,100,34.3,25.6,14.4,10
Masulipatnam,May,1901-2000,100,37,27.6,36.8,10
Masulipatnam,June,1901-2000,100,36.6,27.2,103.4,10
Masulipatnam,July,1901-2000,100,33.2,25.6,186.1,10
Masulipatnam,August,1901-2000,100,32.6,25.6,164.1,10
Masulipatnam,September,1901-2000,100,32.3,25.5,168.1,10
Masulipatnam,October,1901-2000,100,31.2,24.4,223.4,10
Masulipatnam,November,1901-2000,100,29.5,21.9,126.8,10
Masulipatnam,December,1901-2000,100,28.2,19.5,19.9,10
Minicoy,January,1901-2000,99,30.2,23.3,37.2,10
Minicoy,February,1901-2000,99,30.5,23.8,23.9,10
Minicoy,March,1901-2000,99,31.4,24.8,20.9,10
Minicoy,April,1901-2000,99,32.1,26.1,57.2,10
Minicoy,May,1901-2000,99,31.8,26.2,184.3,10
Minicoy,June,1901-2000,99,30.5,25.3,298.6,10
Minicoy,July,1901-2000,99,30.1,25,245.2,10
Minicoy,August,1901-2000,99,30,24.9,212,10
Minicoy,September,1901-2000,99,30,24.9,162.4,10
Minicoy,October,1901-2000,99,30.2,24.6,176.7,10
Minicoy,November,1901-2000,99,30.3,24.1,143.4,10
Minicoy,December,1901-2000,99,30.3,23.7,83.4,10
Mukteswar,January,1901-2000,100,10.5,1.6,54.5,9
Mukteswar,February,1901-2000,100,11.5,2.3,56.5,9
Mukteswar,March,1901-2000,100,15.9,5.8,49.7,9
Mukteswar,April,1901-2000,100,20.7,10.1,35.3,9
Mukteswar,May,1901-2000,100,23.4,12.9,58.3,9
Mukteswar,June,1901-2000,100,23.3,14.2,157.2,9
Mukteswar,July,1901-2000,100,20.9,14.2,307.4,9
Mukteswar,August,1901-2000,100,20.2,13.9,299.4,9
Mukteswar,September,1901-2000,100,20.1,12.5,202.3,9
Mukteswar,October,1901-2000,100,18.9,9.5,60.9,9
Mukteswar,November,1901-2000,100,15.8,5.9,8.8,9
Mukteswar,December,1901-2000,100,12.8,3.4,23.1,9
Mumbai,January,1951-2000,50,30.7,16.7,15.1,1
Mumbai,February,1951-2000,50,31.2,17.7,1,1
Mumbai,March,1951-2000,50,32.7,20.8,0.1,1
Mumbai,April,1951-2000,50,33,23.8,0.5,1
Mumbai,May,1951-2000,50,33.3,26.4,20.6,1
Mumbai,June,1951-2000,50,32.1,26.2,504.2,1
Mumbai,July,1951-2000,50,30,25.1,819.4,1
Mumbai,August,1951-2000,50,29.6,24.8,546.8,1
Mumbai,September,1951-2000,50,30.3,24.3,325.2,1
Mumbai,October,1951-2000,50,33.1,23.4,81.1,1
Mumbai,November,1951-2000,50,33.5,20.8,113.2,1
Mumbai,December,1951-2000,50,32.1,18.3,4.1,1
Mysore,January,1901-2000,100,28.6,16.2,4.8,0
Mysore,February,1901-2000,100,31.1,17.9,5.1,0
Mysore,March,1901-2000,100,33.6,19.9,11.6,0
Mysore,April,1901-2000,100,34.3,21.2,62.4,0
Mysore,May,1901-2000,100,32.9,21,145.7,0
Mysore,June,1901-2000,100,29.2,20.1,67.3,0
Mysore,July,1901-2000,100,27.7,19.6,74.3,0
Mysore,August,1901-2000,100,28,19.5,78.6,0
Mysore,September,1901-2000,100,28.9,19.3,117.6,0
Mysore,October,1901-2000,100,28.8,19.5,158.7,0
Mysore,November,1901-2000,100,27.9,18.2,63.8,0
Mysore,December,1901-2000,100,27.5,16.5,14.3,0
Nagpur,January,1901-2000,100,28.7,13.1,12.5,7
Nagpur,February,1901-2000,100,31.4,15.1,20.7,7
Nagpur,March,1901-2000,100,36.1,19.2,17.6,7
Nagpur,April,1901-2000,100,40.1,24,14.3,7
Nagpur,May,1901-2000,100,42.5,28,19.2,7
Nagpur,June,1901-2000,100,37.7,26.4,190.1,7
Nagpur,July,1901-2000,100,31.2,24,341.7,7
Nagpur,August,1901-2000,100,30.5,23.6,280.5,7
Nagpur,September,1901-2000,100,31.7,23.1,183.1,7
Nagpur,October,1901-2000,100,32.6,20,56.8,7
Nagpur,November,1901-2000,100,30.2,15.3,16.6,7
Nagpur,December,1901-2000,100,28.1,12.1,13.2,7
Nainital,January,1953-1979,27,10.7,1.7,80.3,9
Nainital,February,1953-1979,27,12.3,3.5,60.4,9
Nainital,March,1953-1979,27,16.3,7.5,55.7,9
Nainital,April,1953-1979,27,20.8,11.9,33.7,9
Nainital,May,1953-1979,27,23.5,14.6,73.8,9
Nainital,June,1953-1979,27,23.5,16.4,327.5,9
Nainital,July,1953-1979,27,21.6,16.5,725,9
Nainital,August,1953-1979,27,21,16,553.4,9
Nainital,September,1953-1979,27,20.7,14.1,385,9
Nainital,October,1953-1979,27,18.7,9.7,135.4,9
Nainital,November,1953-1979,27,15.4,5.7,7.9,9
Nainital,December,1953-1979,27,12.9,3.1,27.6,9
Nasik,January,1949-1990,36,29.9,10.8,1.3,7
Nasik,February,1949-1990,36,31.8,12,0.6,7
Nasik,March,1949-1990,36,35.2,15.1,5.1,7
Nasik,April,1949-1990,36,37.2,19.4,8,7
Nasik,May,1949-1990,36,37.2,21.4,18.5,7
Nasik,June,1949-1990,36,32.5,22.4,100.8,7
Nasik,July,1949-1990,36,28,22.2,201.7,7
Nasik,August,1949-1990,36,27.3,21.3,136.7,7
Nasik,September,1949-1990,36,28.8,20.9,145,7
Nasik,October,1949-1990,36,31.7,18.5,56.9,7
Nasik,November,1949-1990,36,31,13.6,24.1,7
Nasik,December,1949-1990,36,30.1,11.6,6.6,7
Palam,January,1956-2000,45,20.8,6.7,18.9,10
Palam,February,1956-2000,45,23.9,9.1,16.6,10
Palam,March,1956-2000,45,30,14.1,10.8,10
Palam,April,1956-2000,45,36.9,20.5,30.4,10
Palam,May,1956-2000,45,40.5,25.1,29,10
Palam,June,1956-2000,45,40.3,27.6,54.3,10
Palam,July,1956-2000,45,35.4,26.4,216.8,10
Palam,August,1956-2000,45,33.7,25.6,247.6,10
Palam,September,1956-2000,45,34.2,23.8,133.8,10
Palam,October,1956-2000,45,33.3,18.8,15.4,10
Palam,November,1956-2000,45,28.3,12.7,6.6,10
Palam,December,1956-2000,45,22.7,7.8,15.2,10
New Delhi (SFD),January,1901-2000,100,20.8,7.8,20.9,10
New Delhi (SFD),February,1901-2000,100,23.7,10.3,21,10
New Delhi (SFD),March,1901-2000,100,29.6,15.4,14.5,10
New Delhi (SFD),April,1901-2000,100,36,21.5,10.7,10
New Delhi (SFD),May,1901-2000,100,39.8,26.2,14.1,10
New Delhi (SFD),June,1901-2000,100,39.4,28.3,66.3,10
New Delhi (SFD),July,1901-2000,100,35.2,27,198.4,10
New Delhi (SFD),August,1901-2000,100,33.6,26.2,206.5,10
New Delhi (SFD),September,1901-2000,100,34,24.7,130.3,10
New Delhi (SFD),October,1901-2000,100,32.9,19.4,20.8,10
New Delhi (SFD),November,1901-2000,100,28,12.8,3.9,10
New Delhi (SFD),December,1901-2000,100,22.7,8.4,8.8,10
Palakkad,January,1943-2000,58,33,21.8,3.5,1
Palakkad,February,1943-2000,58,35.4,22.6,6.7,1
Palakkad,March,1943-2000,58,37.3,24.2,20.4,1
Palakkad,April,1943-2000,58,36.5,25.1,72.9,1
Palakkad,May,1943-2000,58,34,24.8,151.7,1
Palakkad,June,1943-2000,58,29.7,23.2,408.2,1
Palakkad,July,1943-2000,58,28.3,22.5,522.6,1
Palakkad,August,1943-2000,58,28.8,22.9,317.6,1
Palakkad,September,1943-2000,58,30.3,23,253.9,1
Palakkad,October,1943-2000,58,31.2,23.2,215.2,1
Palakkad,November,1943-2000,58,31.8,22.9,111.1,1
Palakkad,December,1943-2000,58,31.9,22.2,27.6,1
Panjim,January,1901-2000,50,31.1,20.2,0.9,7
Panjim,February,1901-2000,50,31,20.8,0.1,7
Panjim,March,1901-2000,50,31.4,23.3,0.4,7
Panjim,April,1901-2000,50,32.3,25.5,10.2,7
Panjim,May,1901-2000,50,32.7,26.6,66.7,7
Panjim,June,1901-2000,50,30.1,25,874,7
Panjim,July,1901-2000,50,28.6,24.3,949.5,7
Panjim,August,1901-2000,50,28.6,24.2,515.9,7
Panjim,September,1901-2000,50,29.3,24.1,231,7
Panjim,October,1901-2000,50,31.1,24.1,102.6,7
Panjim,November,1901-2000,50,32.2,22.6,30.2,7
Panjim,December,1901-2000,50,31.8,21,8.8,7
Parbhani,January,1944-2000,57,30,14,6.1,7
Parbhani,February,1944-2000,57,33.1,16.2,4.2,7
Parbhani,March,1944-2000,57,37.1,20.3,11.2,7
Parbhani,April,1944-2000,57,40.2,24,7.9,7
Parbhani,May,1944-2000,57,41.7,26.4,19.1,7
Parbhani,June,1944-2000,57,36.6,24.6,148.4,7
Parbhani,July,1944-2000,57,31.8,23,237.6,7
Parbhani,August,1944-2000,57,30.7,22.5,214.7,7
Parbhani,September,1944-2000,57,31.5,22.2,183.2,7
Parbhani,October,1944-2000,57,32.4,20,72.2,7
Parbhani,November,1944-2000,57,30.5,15.9,20.5,7
Parbhani,December,1944-2000,57,29.1,13.4,8.6,7
Pasighat,January,1957-1992,35,22.8,12.3,50.9,1
Pasighat,February,1957-1992,35,23,13.9,99,1
Pasighat,March,1957-1992,35,26,16.7,131.2,1
Pasighat,April,1957-1992,35,27.8,18.9,258.9,1
Pasighat,May,1957-1992,35,29.3,21.2,385.4,1
Pasighat,June,1957-1992,35,30.7,23.2,804.5,1
Pasighat,July,1957-1992,35,30.4,23.5,1053.9,1
Pasighat,August,1957-1992,35,31.5,23.8,755,1
Pasighat,September,1957-1992,35,30.5,23,587.1,1
Pasighat,October,1957-1992,35,29.4,20.6,244.2,1
Pasighat,November,1957-1992,35,27.2,16.6,33.2,1
Pasighat,December,1957-1992,35,24.1,13.3,28,1
Patna,January,1951-2000,50,23,9.3,20.4,10
Patna,February,1951-2000,50,26.1,11.6,11.1,10
Patna,March,1951-2000,50,32.4,16.4,11.4,10
Patna,April,1951-2000,50,37.4,22.1,9,10
Patna,May,1951-2000,50,38.4,25.1,35.6,10
Patna,June,1951-2000,50,36.7,26.7,141,10
Patna,July,1951-2000,50,32.9,26.1,319.2,10
Patna,August,1951-2000,50,32.5,26.1,279.3,10
Patna,September,1951-2000,50,32.2,25.3,212.6,10
Patna,October,1951-2000,50,31.7,21.6,72.3,10
Patna,November,1951-2000,50,28.9,14.8,8.2,10
Patna,December,1951-2000,50,24.6,10.1,7.4,10
Pondicherry,January,1996-2000,5,29.6,20.3,14.8,10
Pondicherry,February,1996-2000,5,30.7,21.5,47.7,10
Pondicherry,March,1996-2000,5,32.2,23,0,10
Pondicherry,April,1996-2000,5,34,25.8,37.3,10
Pondicherry,May,1996-2000,5,36.8,26.9,29.7,10
Pondicherry,June,1996-2000,5,36.6,26.4,79.6,10
Pondicherry,July,1996-2000,5,35.6,26,61,10
Pondicherry,August,1996-2000,5,34.5,25.1,148.2,10
Pondicherry,September,1996-2000,5,34,24.8,149.6,10
Pondicherry,October,1996-2000,5,32,24,278.3,10
Pondicherry,November,1996-2000,5,30.4,22.9,379.5,10
Pondicherry,December,1996-2000,5,29.1,21.4,502.3,10
Port Blair,January,1901-2000,97,29.4,23.1,46.4,
Port Blair,February,1901-2000,97,30.2,22.5,26.5,
Port Blair,March,1901-2000,97,31.5,23.2,29.3,
Port Blair,April,1901-2000,97,32.5,24.7,69,
Port Blair,May,1901-2000,97,31.1,24.7,360.4,
Port Blair,June,1901-2000,97,29.6,24.4,501.1,
Port Blair,July,1901-2000,97,29.2,24.3,423.7,
Port Blair,August,1901-2000,97,29.1,24.2,425.1,
Port Blair,September,1901-2000,97,29.1,23.7,463,
Port Blair,October,1901-2000,97,29.6,23.7,300.7,
Port Blair,November,1901-2000,97,29.7,23.9,235,
Port Blair,December,1901-2000,97,29.4,23.6,154.6,
Pune,January,1901-2000,100,30.2,11.6,1.6,7
Pune,February,1901-2000,100,32.3,12.7,1.1,7
Pune,March,1901-2000,100,35.8,16.3,2.7,7
Pune,April,1901-2000,100,37.9,20.1,13.6,7
Pune,May,1901-2000,100,37.2,22.3,33.3,7
Pune,June,1901-2000,100,32,22.8,120.4,7
Pune,July,1901-2000,100,28.1,22,179,7
Pune,August,1901-2000,100,27.6,21.3,106.4,7
Pune,September,1901-2000,100,29.2,20.6,129.1,7
Pune,October,1901-2000,100,31.7,18.9,78.8,7
Pune,November,1901-2000,100,30.5,14.8,28.6,7
Pune,December,1901-2000,100,29.3,11.8,5.3,7
Raipur,January,1901-1998,97,27.6,13.3,11.7,2
Raipur,February,1901-1998,97,30.3,15.9,21,2
Raipur,March,1901-1998,97,35.1,20.2,19.6,2
Raipur,April,1901-1998,97,39.4,24.8,15.5,2
Raipur,May,1901-1998,97,41.9,28,22.9,2
Raipur,June,1901-1998,97,37.2,26.4,209.4,2
Raipur,July,1901-1998,97,30.6,23.9,369.1,2
Raipur,August,1901-1998,97,30.1,23.8,365.4,2
Raipur,September,1901-1998,97,31.3,23.8,216.6,2
Raipur,October,1901-1998,97,31.6,21.2,52.1,2
Raipur,November,1901-1998,97,29.3,16.1,11.4,2
Raipur,December,1901-1998,97,27.1,12.7,4.2,2
Rajkot,January,1905-2000,49,28.2,11.8,1,7
Rajkot,February,1905-2000,49,30.8,13.8,1,7
Rajkot,March,1905-2000,49,35.2,18,1,7
Rajkot,April,1905-2000,49,38.6,21.7,1.6,7
Rajkot,May,1905-2000,49,40.3,24.8,3.9,7
Rajkot,June,1905-2000,49,37.6,26.1,98.9,7
Rajkot,July,1905-2000,49,32.9,25.1,242.5,7
Rajkot,August,1905-2000,49,31.5,24.1,174.3,7
Rajkot,September,1905-2000,49,33.2,23.1,101,7
Rajkot,October,1905-2000,49,35.5,21.5,53.2,7
Rajkot,November,1905-2000,49,32.9,17.6,10,7
Rajkot,December,1905-2000,49,29.6,13.6,0.8,7
Ranchi,January,1951-2000,40,23,10,20.5,2
Ranchi,February,1951-2000,40,25.8,12.6,25.7,2
Ranchi,March,1951-2000,40,31.2,17,18.9,2
Ranchi,April,1951-2000,40,35.5,21.4,41.2,2
Ranchi,May,1951-2000,40,37.2,23.6,58.5,2
Ranchi,June,1951-2000,40,33.5,23.7,216.3,2
Ranchi,July,1951-2000,40,29.3,22.7,337.9,2
Ranchi,August,1951-2000,40,28.8,22.5,326.8,2
Ranchi,September,1951-2000,40,29.1,21.8,273.2,2
Ranchi,October,1951-2000,40,28.5,19,99.7,2
Ranchi,November,1951-2000,40,25.9,14,16,2
Ranchi,December,1951-2000,40,23.2,10.2,6.1,2
Sambalpur,January,1901-2000,95,27.6,12.6,14.2,0
Sambalpur,February,1901-2000,95,30.1,15.1,28,0
Sambalpur,March,1901-2000,95,35,19,20.9,0
Sambalpur,April,1901-2000,95,39.3,23.5,14.2,0
Sambalpur,May,1901-2000,95,41.4,27,22.7,0
Sambalpur,June,1901-2000,95,36.9,26.7,218.9,0
Sambalpur,July,1901-2000,95,31.1,24.9,459,0
Sambalpur,August,1901-2000,95,30.7,24.8,487.5,0
Sambalpur,September,1901-2000,95,31.7,24.6,243.5,0
Sambalpur,October,1901-2000,95,31.7,21.8,56.6,0
Sambalpur,November,1901-2000,95,29.4,16.2,17.6,0
Sambalpur,December,1901-2000,95,27.2,12.1,4.8,0
Shillong,January,1902-2000,99,15.3,4.4,13.7,3
Shillong,February,1902-2000,99,17,6.4,22.7,3
Shillong,March,1902-2000,99,21.3,10.6,53.7,3
Shillong,April,1902-2000,99,23.4,13.8,130.1,3
Shillong,May,1902-2000,99,23.5,15.3,273.7,3
Shillong,June,1902-2000,99,23.7,17.3,468.8,3
Shillong,July,1902-2000,99,24,18,394.5,3
Shillong,August,1902-2000,99,24,17.7,317.5,3
Shillong,September,1902-2000,99,23.4,16.5,293.8,3
Shillong,October,1902-2000,99,21.7,13.2,192.4,3
Shillong,November,1902-2000,99,19,8.7,37.3,3
Shillong,December,1902-2000,99,16.3,5.3,9.3,3
Shimla,January,1901-1992,90,8.6,1.9,57.9,9
Shimla,February,1901-1992,90,9.7,2.7,64.2,9
Shimla,March,1901-1992,90,13.9,6.5,62.1,9
Shimla,April,1901-1992,90,18.9,10.9,46.1,9
Shimla,May,1901-1992,90,22.7,14.4,62.8,9
Shimla,June,1901-1992,90,23.7,15.8,161.1,9
Shimla,July,1901-1992,90,20.9,15.3,419,9
Shimla,August,1901-1992,90,19.8,14.9,385.9,9
Shimla,September,1901-1992,90,19.6,13.5,206.5,9
Shimla,October,1901-1992,90,17.9,10.7,38.5,9
Shimla,November,1901-1992,90,14.1,7,12,9
Shimla,December,1901-1992,90,11.1,4.1,23.2,9
Silchar,January,1901-2000,89,24.9,11.7,18,10
Silchar,February,1901-2000,89,26.7,13.5,47.6,10
Silchar,March,1901-2000,89,30,17.4,152.6,10
Silchar,April,1901-2000,89,30.8,20.7,328.8,10
Silchar,May,1901-2000,89,31.1,22.8,430.5,10
Silchar,June,1901-2000,89,31.3,24.5,588.3,10
Silchar,July,1901-2000,89,31.7,25,531.3,10
Silchar,August,1901-2000,89,31.7,24.9,480.7,10
Silchar,September,1901-2000,89,31.6,24.6,383.8,10
Silchar,October,1901-2000,89,30.9,22.5,204.4,10
Silchar,November,1901-2000,89,28.9,17.7,42,10
Silchar,December,1901-2000,89,26.1,13,10,10
Solapur,January,1901-2000,100,30.8,15.8,4.7,7
Solapur,February,1901-2000,100,33.6,17.6,4.4,7
Solapur,March,1901-2000,100,37.3,21.2,5,7
Solapur,April,1901-2000,100,39.6,24.3,12.4,7
Solapur,May,1901-2000,100,40.2,25.1,27.6,7
Solapur,June,1901-2000,100,35,23.3,116.9,7
Solapur,July,1901-2000,100,31.7,22.3,129.9,7
Solapur,August,1901-2000,100,31.3,21.8,119.8,7
Solapur,September,1901-2000,100,31.7,21.6,182.4,7
Solapur,October,1901-2000,100,32.6,20.7,85.4,7
Solapur,November,1901-2000,100,31,17.6,26.4,7
Solapur,December,1901-2000,100,29.9,15.2,7.8,7
Sri Niketan,January,1961-2000,39,25,11.8,11.6,
Sri Niketan,February,1961-2000,39,28.3,14.5,23.5,
Sri Niketan,March,1961-2000,39,33.8,19.2,28.4,
Sri Niketan,April,1961-2000,39,37.4,23.4,44.9,
Sri Niketan,May,1961-2000,39,37.3,25,98.4,
Sri Niketan,June,1961-2000,39,35.1,26,242.8,
Sri Niketan,July,1961-2000,39,32.6,25.8,317.2,
Sri Niketan,August,1961-2000,39,32.2,25.8,276.5,
Sri Niketan,September,1961-2000,39,32.2,25.3,253.3,
Sri Niketan,October,1961-2000,39,31.5,22.6,97.2,
Sri Niketan,November,1961-2000,39,29.3,17.2,17.2,
Sri Niketan,December,1961-2000,39,26,12.6,8.6,
Srinagar,January,1901-2000,98,5,-2.3,62.2,4
Srinagar,February,1901-2000,98,7.6,-0.8,71.4,4
Srinagar,March,1901-2000,98,13.5,3.4,101.1,4
Srinagar,April,1901-2000,98,19.3,7.4,90.7,4
Srinagar,May,1901-2000,98,24.2,10.9,68.2,4
Srinagar,June,1901-2000,98,28.9,14.5,36.3,4
Srinagar,July,1901-2000,98,30.3,18.2,54.3,4
Srinagar,August,1901-2000,98,29.7,17.7,64.6,4
Srinagar,September,1901-2000,98,27.6,12.5,35.4,4
Srinagar,October,1901-2000,98,22.1,5.6,30.9,4
Srinagar,November,1901-2000,98,15.4,0.3,19.7,4
Srinagar,December,1901-2000,98,8.5,-2,41.4,4
Surat,January,1901-2000,99,30.9,14.7,2.1,7
Surat,February,1901-2000,99,32.4,16.2,1,7
Surat,March,1901-2000,99,35.8,20.1,0.8,7
Surat,April,1901-2000,99,37.2,23.6,2.2,7
Surat,May,1901-2000,99,36.2,26.3,6.4,7
Surat,June,1901-2000,99,33.8,26.7,212.8,7
Surat,July,1901-2000,99,30.8,25.5,440.8,7
Surat,August,1901-2000,99,30.4,25.1,233.4,7
Surat,September,1901-2000,99,31.8,24.6,169.7,7
Surat,October,1901-2000,99,35.3,23,33.5,7
Surat,November,1901-2000,99,34.3,19.2,12.4,7
Surat,December,1901-2000,99,32,15.9,2.1,7
Thiruvananthapuram,January,1901-2000,100,30.7,22.4,22.9,1
Thiruvananthapuram,February,1901-2000,100,31.2,23,21.9,1
Thiruvananthapuram,March,1901-2000,100,32.1,24.4,36.4,1
Thiruvananthapuram,April,1901-2000,100,32.1,25.3,110.5,1
Thiruvananthapuram,May,1901-2000,100,31.3,25.2,210,1
Thiruvananthapuram,June,1901-2000,100,29.3,23.9,343.5,1
Thiruvananthapuram,July,1901-2000,100,28.8,23.4,218.6,1
Thiruvananthapuram,August,1901-2000,100,29,23.5,143.2,1
Thiruvananthapuram,September,1901-2000,100,29.6,23.6,152.5,1
Thiruvananthapuram,October,1901-2000,100,29.5,23.6,267.9,1
Thiruvananthapuram,November,1901-2000,100,29.6,23.3,199,1
Thiruvananthapuram,December,1901-2000,100,30.3,22.8,70.2,1
Tirupathy,January,1981-2000,20,29.9,18.7,22,8
Tirupathy,February,1981-2000,20,32.8,20.1,19.7,8
Tirupathy,March,1981-2000,20,36.7,22.6,2.9,8
Tirupathy,April,1981-2000,20,39.3,26.2,13.9,8
Tirupathy,May,1981-2000,20,40.3,27.9,45.7,8
Tirupathy,June,1981-2000,20,37.8,27.2,69.7,8
Tirupathy,July,1981-2000,20,35.7,25.9,113,8
Tirupathy,August,1981-2000,20,34.8,25.5,118.6,8
Tirupathy,September,1981-2000,20,34.8,25.1,119.1,8
Tirupathy,October,1981-2000,20,32.7,23.5,157.5,8
Tirupathy,November,1981-2000,20,30.1,21.7,218.7,8
Tirupathy,December,1981-2000,20,28.9,19.9,130.5,8
Tura,January,1950-1985,35,23,11.5,8.7,3
Tura,February,1950-1985,35,25.2,13.4,11,3
Tura,March,1950-1985,35,29.3,17.4,53.4,3
Tura,April,1950-1985,35,31.2,20.4,147.8,3
Tura,May,1950-1985,35,30.1,20.7,402.8,3
Tura,June,1950-1985,35,29.1,21.3,611.5,3
Tura,July,1950-1985,35,28.8,22.2,628.3,3
Tura,August,1950-1985,35,28.8,22.1,458.8,3
Tura,September,1950-1985,35,29.1,21.6,377.4,3
Tura,October,1950-1985,35,28.8,19.6,210.7,3
Tura,November,1950-1985,35,26.6,15.9,28.5,3
Tura,December,1950-1985,35,23.8,12.9,2.4,3
Udaipur,January,1965-2000,36,24.3,7,2.4,6
Udaipur,February,1965-2000,36,27,9.3,13.8,6
Udaipur,March,1965-2000,36,32.6,14.6,6.2,6
Udaipur,April,1965-2000,36,37.3,20.2,5.2,6
Udaipur,May,1965-2000,36,39.7,25,16.9,6
Udaipur,June,1965-2000,36,37.3,26.1,75.2,6
Udaipur,July,1965-2000,36,32,24.5,175.1,6
Udaipur,August,1965-2000,36,30.2,23.2,195.3,6
Udaipur,September,1965-2000,36,32.3,21.4,89.4,6
Udaipur,October,1965-2000,36,33.4,16.9,16.3,6
Udaipur,November,1965-2000,36,29.4,11.8,12.8,6
Udaipur,December,1965-2000,36,25.5,7.8,2.9,6
Uthagamandalam,January,1901-2000,87,20.3,5.6,20.5,9
Uthagamandalam,February,1901-2000,87,20.9,6.5,10.2,9
Uthagamandalam,March,1901-2000,87,22.2,8.8,25.8,9
Uthagamandalam,April,1901-2000,87,22.6,10.7,75.4,9
Uthagamandalam,May,1901-2000,87,22,11.4,147.5,9
Uthagamandalam,June,1901-2000,87,18.3,11.2,136.7,9
Uthagamandalam,July,1901-2000,87,16.9,11,181.1,9
Uthagamandalam,August,1901-2000,87,17.4,10.9,123.7,9
Uthagamandalam,September,1901-2000,87,18.5,10.4,134.9,9
Uthagamandalam,October,1901-2000,87,18.8,10.1,189.2,9
Uthagamandalam,November,1901-2000,87,18.7,8.6,139.9,9
Uthagamandalam,December,1901-2000,87,19.7,6.7,52.8,9
Varanasi,January,1952-2000,48,23.2,8.8,17.6,10
Varanasi,February,1952-2000,48,26.7,11.3,15,10
Varanasi,March,1952-2000,48,33,16.3,7.9,10
Varanasi,April,1952-2000,48,38.8,22,4.4,10
Varanasi,May,1952-2000,48,40.9,26.2,10.5,10
Varanasi,June,1952-2000,48,38.8,27.9,96.6,10
Varanasi,July,1952-2000,48,33.8,26.4,309.9,10
Varanasi,August,1952-2000,48,32.8,26,273.2,10
Varanasi,September,1952-2000,48,32.7,25,246.4,10
Varanasi,October,1952-2000,48,32.7,20.7,35.1,10
Varanasi,November,1952-2000,48,29.3,14.1,10.7,10
Varanasi,December,1952-2000,48,24.6,9.6,6.5,10
Vijayawada,January,1978-1993,14,30.2,18.6,6.2,10
Vijayawada,February,1978-1993,14,32.7,20.6,4.6,10
Vijayawada,March,1978-1993,14,35.6,23.3,4.6,10
Vijayawada,April,1978-1993,14,38.2,26.2,4.8,10
Vijayawada,May,1978-1993,14,39.9,27.8,20.8,10
Vijayawada,June,1978-1993,14,37.2,26.9,80.8,10
Vijayawada,July,1978-1993,14,33.7,25,173,10
Vijayawada,August,1978-1993,14,33.1,25,146.2,10
Vijayawada,September,1978-1993,14,32.4,24.5,179.9,10
Vijayawada,October,1978-1993,14,32.4,23.2,57.2,10
Vijayawada,November,1978-1993,14,31,20.9,52.3,10
Vijayawada,December,1978-1993,14,30.3,19.7,5.8,10
Vishakhapatnam,January,1968-2000,29,27.7,20.6,14.2,10
Vishakhapatnam,February,1968-2000,29,29.2,22.2,21.1,10
Vishakhapatnam,March,1968-2000,29,30.8,24.4,8.3,10
Vishakhapatnam,April,1968-2000,29,31.8,26.3,25.6,10
Vishakhapatnam,May,1968-2000,29,33.1,27.5,68.7,10
Vishakhapatnam,June,1968-2000,29,32.8,27.4,124.6,10
Vishakhapatnam,July,1968-2000,29,31.2,26.2,142.1,10
Vishakhapatnam,August,1968-2000,29,31.3,26,165.2,10
Vishakhapatnam,September,1968-2000,29,31.3,25.8,164,10
Vishakhapatnam,October,1968-2000,29,31.1,24.9,238.2,10
Vishakhapatnam,November,1968-2000,29,29.6,23.1,124,10
Vishakhapatnam,December,1968-2000,29,27.9,20.9,6.7,10
